<?xml version="1.0" encoding="UTF-8"?>

<!DOCTYPE hibernate-configuration PUBLIC  
   "-//Hibernate/Hibernate Configuration DTD 5.3//EN"  
   "http://hibernate.org/dtd/hibernate-configuration-3.0.dtd">  

<hibernate-configuration>  
   <session-factory>  

      <!-- JDBC properties -->
      <property name="hibernate.connection.driver_class">com.mysql.cj.jdbc.Driver</property> 
      <property name="hibernate.connection.url">jdbc:mysql://localhost:3306/wiprotraining?useSSL=false&amp;serverTimezone=UTC</property>  
      <property name="hibernate.connection.username">root</property>  
      <property name="hibernate.connection.password">rushitha</property>  

      <!-- Dialect & schema -->
      <property name="hibernate.dialect">org.hibernate.dialect.MySQL8Dialect</property>  
      <property name="hibernate.hbm2ddl.auto">update</property>  
      <property name="hibernate.show_sql">true</property>  
      <property name="hibernate.format_sql">true</property>

      <!-- Annotated entities -->
      <mapping class="com.worknest.model.User"/>  
      <mapping class="com.worknest.model.Task"/>  
      <mapping class="com.worknest.model.Comment"/>  

   </session-factory>  
</hibernate-configuration>