<beans xmlns="http://www.springframework.org/schema/beans"
       xmlns:xsi="http://www.w3.org/2001/XMLSchema-instance"
       xmlns:context="http://www.springframework.org/schema/context"
       xmlns:mvc="http://www.springframework.org/schema/mvc"
       xsi:schemaLocation="
           http://www.springframework.org/schema/beans
           http://www.springframework.org/schema/beans/spring-beans.xsd
           http://www.springframework.org/schema/context
           http://www.springframework.org/schema/context/spring-context.xsd
           http://www.springframework.org/schema/mvc
           http://www.springframework.org/schema/mvc/spring-mvc.xsd">

    <!-- Enable annotation-based controllers -->
    <mvc:annotation-driven />

    <!-- Scan your controllers -->
    <context:component-scan base-package="com.worknest.controller" />
    <context:component-scan base-package="com.worknest.model" />
    <context:component-scan base-package="com.worknest.service" />
    <context:component-scan base-package="com.worknest.dao" />
    <context:component-scan base-package="com.worknest.util" />
    <context:component-scan base-package="com.worknest.config" />

    <!-- View Resolver -->
    <bean class="org.springframework.web.servlet.view.InternalResourceViewResolver">
        <property name="prefix" value="/WEB-INF/views/"/>
        <property name="suffix" value=".jsp"/>
    </bean>
</beans>
